<fetch version="1.0" output-format="xml-platform" mapping="logical" distinct="false">
  <entity name="cra_consent">
    <attribute name="createdon" />
    <attribute name="cra_verification" />
    <attribute name="cra_security_screening_case" />
    <attribute name="cra_consent_given_status" />
    <attribute name="cra_underage" />
    <attribute name="cra_parent_guardian_consent_given_date" />
    <attribute name="cra_account_consent_given_date" />
    <attribute name="cra_withdrawn_by" />
    <attribute name="cra_consent_withdrawn_date" />
    <attribute name="cra_consentid" />
    <order attribute="cra_security_screening_case" descending="false" />
    <order attribute="createdon" descending="false" />
    <filter type="and">
      <condition attribute="cra_consent_given_status" operator="in">
        <value>171100000</value>
        <value>171100002</value>
      </condition>
    </filter>
    <link-entity name="cra_securityscreenings" from="cra_securityscreeningsid" to="cra_security_screening_case" visible="false" link-type="outer" alias="a_051d7737d188eb11a82b000d3a84e9e0">
      <attribute name="cra_request_type" />
      <attribute name="cra_account" />
      <attribute name="cra_screening_level_requested" />
    </link-entity>
  </entity>
</fetch>